2014-11-12 01,부산 기장군,기장읍,221231,0.004,1.2,0.017,0.033,67,
2014-11-12 02,부산 기장군,기장읍,221231,0.004,1.2,0.019,0.031,66,
2014-11-12 03,부산 기장군,기장읍,221231,0.004,1,0.02,0.025,59,
2014-11-12 04,부산 기장군,기장읍,221231,0.004,0.6,0.028,0.016,59,
2014-11-12 05,부산 기장군,기장읍,221231,0.003,0.6,0.031,0.012,53,
2014-11-12 06,부산 기장군,기장읍,221231,0.003,0.6,0.031,0.014,56,
2014-11-12 07,부산 기장군,기장읍,221231,0.003,0.8,0.029,0.019,63,
2014-11-12 08,부산 기장군,기장읍,221231,0.004,0.9,0.026,0.024,78,
2014-11-12 09,부산 기장군,기장읍,221231,0.01,1,0.024,0.024,83,
2014-11-12 10,부산 기장군,기장읍,221231,0.01,0.7,0.035,0.013,79,
2014-11-12 11,부산 기장군,기장읍,221231,0.009,0.6,0.036,0.01,73,
2014-11-12 12,부산 기장군,기장읍,221231,0.004,0.6,0.036,0.01,69,
2014-11-12 13,부산 기장군,기장읍,221231,0.004,0.5,0.036,0.006,61,
2014-11-12 14,부산 기장군,기장읍,221231,0.008,0.5,0.037,0.004,55,
2014-11-12 15,부산 기장군,기장읍,221231,0.008,0.5,0.036,0.004,45,
2014-11-12 16,부산 기장군,기장읍,221231,0.004,0.4,0.035,0.005,44,
2014-11-12 17,부산 기장군,기장읍,221231,0.004,0.4,0.035,0.004,44,
2014-11-12 18,부산 기장군,기장읍,221231,0.004,0.4,0.034,0.004,31,
2014-11-12 19,부산 기장군,기장읍,221231,0.005,0.5,0.033,0.004,21,
2014-11-12 20,부산 기장군,기장읍,221231,0.005,0.5,0.033,0.003,19,
2014-11-12 21,부산 기장군,기장읍,221231,0.006,0.5,0.032,0.002,13,
2014-11-12 22,부산 기장군,기장읍,221231,0.006,0.5,0.032,0.002,13,
2014-11-12 23,부산 기장군,기장읍,221231,0.004,0.4,0.032,0.002,17,
2014-11-12 24,부산 기장군,기장읍,221231,0.004,0.4,0.033,0.001,14,
2014-11-13 01,부산 기장군,기장읍,221231,0.004,0.4,0.035,0.001,11,
2014-11-13 02,부산 기장군,기장읍,221231,0.004,0.4,0.035,0.001,18,
2014-11-13 03,부산 기장군,기장읍,221231,0.004,0.4,0.036,0.001,25,
2014-11-13 04,부산 기장군,기장읍,221231,0.003,0.3,0.036,0.001,26,
2014-11-13 05,부산 기장군,기장읍,221231,0.003,0.4,0.036,0.001,23,
2014-11-13 06,부산 기장군,기장읍,221231,0.002,0.4,0.034,0.001,32,
2014-11-13 07,부산 기장군,기장읍,221231,0.005,0.4,0.03,0.005,34,
2014-11-13 08,부산 기장군,기장읍,221231,0.005,0.4,0.02,0.015,35,
2014-11-13 09,부산 기장군,기장읍,221231,0.004,0.4,0.026,0.006,35,
2014-11-13 10,부산 기장군,기장읍,221231,0.008,0.4,0.03,0.002,51,
2014-11-13 11,부산 기장군,기장읍,221231,0.008,0.4,0.032,0.001,68,
2014-11-13 12,부산 기장군,기장읍,221231,0.004,0.4,0.032,0.002,68,
2014-11-13 13,부산 기장군,기장읍,221231,0.004,0.4,0.034,,64,
2014-11-13 14,부산 기장군,기장읍,221231,0.004,0.4,0.036,,58,
2014-11-13 15,부산 기장군,기장읍,221231,,,,,,
2014-11-13 16,부산 기장군,기장읍,221231,,,,,,
2014-11-13 17,부산 기장군,기장읍,221231,0.004,0.3,0.036,0.014,50,
2014-11-13 18,부산 기장군,기장읍,221231,0.004,0.3,0.03,0.022,40,
2014-11-13 19,부산 기장군,기장읍,221231,0.005,0.3,0.031,0.016,34,
2014-11-13 20,부산 기장군,기장읍,221231,0.006,0.3,0.032,0.013,35,
2014-11-13 21,부산 기장군,기장읍,221231,0.005,0.3,0.031,0.02,39,
2014-11-13 22,부산 기장군,기장읍,221231,0.006,0.3,0.03,0.017,29,
2014-11-13 23,부산 기장군,기장읍,221231,0.004,0.3,0.033,0.012,29,
2014-11-13 24,부산 기장군,기장읍,221231,0.004,0.3,0.034,0.01,26,
2014-11-14 01,부산 기장군,기장읍,221231,0.004,0.3,0.037,0.008,21,
2014-11-14 02,부산 기장군,기장읍,221231,0.004,0.3,0.038,0.01,20,
2014-11-14 03,부산 기장군,기장읍,221231,0.004,0.3,0.038,0.008,11,
2014-11-14 04,부산 기장군,기장읍,221231,0.004,0.3,0.037,0.009,13,
2014-11-14 05,부산 기장군,기장읍,221231,0.004,0.3,0.036,0.011,24,
2014-11-14 06,부산 기장군,기장읍,221231,0.004,0.3,0.036,0.015,26,
2014-11-14 07,부산 기장군,기장읍,221231,0.002,0.3,0.029,0.029,22,
2014-11-14 08,부산 기장군,기장읍,221231,0.002,0.3,0.016,0.063,33,
2014-11-14 09,부산 기장군,기장읍,221231,0.003,0.3,0.025,0.031,38,
2014-11-14 10,부산 기장군,기장읍,221231,0.003,0.3,0.028,0.035,22,
2014-11-14 11,부산 기장군,기장읍,221231,0.004,0.3,0.027,0.031,25,
2014-11-14 12,부산 기장군,기장읍,221231,0.004,0.3,0.031,0.025,20,
2014-11-14 13,부산 기장군,기장읍,221231,0.006,0.3,0.033,0.021,22,
2014-11-14 14,부산 기장군,기장읍,221231,0.006,0.3,0.036,0.015,28,
2014-11-14 15,부산 기장군,기장읍,221231,0.005,0.3,0.037,0.018,,
2014-11-14 16,부산 기장군,기장읍,221231,,,,,,
2014-11-14 17,부산 기장군,기장읍,221231,0.004,0.4,0.033,0.025,26,
2014-11-14 18,부산 기장군,기장읍,221231,0.004,0.4,0.025,0.044,33,
2014-11-14 19,부산 기장군,기장읍,221231,0.005,0.7,0.01,0.078,43,
2014-11-14 20,부산 기장군,기장읍,221231,0.005,0.7,0.004,0.089,49,
2014-11-14 21,부산 기장군,기장읍,221231,0.005,0.6,0.006,0.088,44,
2014-11-14 22,부산 기장군,기장읍,221231,0.006,0.6,0.007,0.08,34,
2014-11-14 23,부산 기장군,기장읍,221231,0.006,0.5,0.008,0.074,28,
2014-11-14 24,부산 기장군,기장읍,221231,0.004,0.4,0.014,0.06,26,
2014-11-15 01,부산 기장군,기장읍,221231,0.004,0.4,0.017,0.049,28,
2014-11-15 02,부산 기장군,기장읍,221231,0.002,0.4,0.022,0.036,30,
2014-11-15 03,부산 기장군,기장읍,221231,0.003,0.4,0.025,0.031,25,
2014-11-15 04,부산 기장군,기장읍,221231,0.003,0.4,0.027,0.025,25,
2014-11-15 05,부산 기장군,기장읍,221231,0.003,0.4,0.028,0.025,30,
2014-11-15 06,부산 기장군,기장읍,221231,0.005,0.4,0.026,0.033,31,
2014-11-15 07,부산 기장군,기장읍,221231,0.005,0.4,0.02,0.046,32,
2014-11-15 08,부산 기장군,기장읍,221231,0.004,0.5,0.03,0.029,28,
2014-11-15 09,부산 기장군,기장읍,221231,0.004,0.4,0.031,0.029,30,
2014-11-15 10,부산 기장군,기장읍,221231,0.004,0.4,0.032,0.027,29,
2014-11-15 11,부산 기장군,기장읍,221231,0.002,0.4,0.033,0.022,33,
2014-11-15 12,부산 기장군,기장읍,221231,0.002,0.4,0.033,0.026,24,
2014-11-15 13,부산 기장군,기장읍,221231,0.002,0.4,0.03,0.028,26,
2014-11-15 14,부산 기장군,기장읍,221231,0.003,0.4,0.033,0.026,24,
2014-11-15 15,부산 기장군,기장읍,221231,0.003,0.4,0.037,0.025,11,
2014-11-15 16,부산 기장군,기장읍,221231,0.003,0.4,0.037,0.03,12,
2014-11-15 17,부산 기장군,기장읍,221231,0.005,0.4,0.028,0.048,15,
2014-11-15 18,부산 기장군,기장읍,221231,0.005,0.7,0.011,0.091,20,
2014-11-15 19,부산 기장군,기장읍,221231,0.005,0.6,0.007,0.09,41,
2014-11-15 20,부산 기장군,기장읍,221231,0.005,0.4,0.021,0.053,53,
2014-11-15 21,부산 기장군,기장읍,221231,0.006,0.4,0.029,0.032,34,
2014-11-15 22,부산 기장군,기장읍,221231,0.005,0.4,0.032,0.025,26,
2014-11-15 23,부산 기장군,기장읍,221231,0.004,0.4,0.024,0.044,15,
2014-11-15 24,부산 기장군,기장읍,221231,0.004,0.4,0.021,0.043,12,
2014-11-16 01,부산 기장군,기장읍,221231,0.003,0.4,0.02,0.044,18,
2014-11-16 02,부산 기장군,기장읍,221231,0.003,0.4,0.025,0.029,12,
2014-11-16 03,부산 기장군,기장읍,221231,0.003,0.4,0.033,0.016,11,
2014-11-16 04,부산 기장군,기장읍,221231,0.003,0.4,0.033,0.017,7,
2014-11-16 05,부산 기장군,기장읍,221231,0.003,0.4,0.032,0.014,11,
2014-11-16 06,부산 기장군,기장읍,221231,0.002,0.4,0.035,0.012,19,
2014-11-16 07,부산 기장군,기장읍,221231,0.002,0.4,0.026,0.039,14,
2014-11-16 08,부산 기장군,기장읍,221231,0.002,0.4,0.015,0.058,17,
2014-11-16 09,부산 기장군,기장읍,221231,0.003,0.4,0.011,0.064,21,
2014-11-16 10,부산 기장군,기장읍,221231,0.003,0.4,0.023,0.033,23,
2014-11-16 11,부산 기장군,기장읍,221231,0.005,0.4,0.028,0.031,17,
2014-11-16 12,부산 기장군,기장읍,221231,0.004,0.4,0.03,0.03,15,
2014-11-16 13,부산 기장군,기장읍,221231,0.006,0.4,0.033,0.024,17,
2014-11-16 14,부산 기장군,기장읍,221231,0.006,0.4,0.032,0.033,10,
2014-11-16 15,부산 기장군,기장읍,221231,0.006,0.4,0.033,0.032,18,
2014-11-16 16,부산 기장군,기장읍,221231,0.006,0.4,0.034,0.034,24,
2014-11-16 17,부산 기장군,기장읍,221231,0.006,0.4,0.03,0.045,20,
2014-11-16 18,부산 기장군,기장읍,221231,0.005,0.4,0.024,0.057,32,
2014-11-16 19,부산 기장군,기장읍,221231,0.005,0.4,0.019,0.069,31,
2014-11-16 20,부산 기장군,기장읍,221231,0.005,0.4,0.018,0.065,19,
2014-11-16 21,부산 기장군,기장읍,221231,0.004,0.4,0.024,0.046,20,
2014-11-16 22,부산 기장군,기장읍,221231,0.004,0.4,0.022,0.051,20,
2014-11-16 23,부산 기장군,기장읍,221231,0.002,0.5,0.014,0.071,21,
2014-11-16 24,부산 기장군,기장읍,221231,0.002,0.4,0.014,0.062,23,
2014-11-17 01,부산 기장군,기장읍,221231,0.004,0.4,0.019,0.05,17,
2014-11-17 02,부산 기장군,기장읍,221231,0.004,0.4,0.022,0.044,20,
2014-11-17 03,부산 기장군,기장읍,221231,0.004,0.4,0.024,0.036,24,
2014-11-17 04,부산 기장군,기장읍,221231,0.005,0.4,0.026,0.03,20,
2014-11-17 05,부산 기장군,기장읍,221231,0.005,0.4,0.028,0.024,18,
2014-11-17 06,부산 기장군,기장읍,221231,0.005,0.4,0.029,0.028,21,
2014-11-17 07,부산 기장군,기장읍,221231,0.006,0.4,0.03,0.031,19,
2014-11-17 08,부산 기장군,기장읍,221231,0.006,0.4,0.024,0.052,26,
2014-11-17 09,부산 기장군,기장읍,221231,0.005,0.4,0.024,0.045,42,
2014-11-17 10,부산 기장군,기장읍,221231,0.004,0.4,0.032,0.031,32,
2014-11-17 11,부산 기장군,기장읍,221231,0.004,0.4,0.035,0.028,34,
2014-11-17 12,부산 기장군,기장읍,221231,,,,,,
2014-11-17 13,부산 기장군,기장읍,221231,,,,,,
2014-11-17 14,부산 기장군,기장읍,221231,,,,,,
2014-11-17 15,부산 기장군,기장읍,221231,0.004,0.4,0.043,0.017,43,
2014-11-17 16,부산 기장군,기장읍,221231,0.004,0.4,0.036,0.02,39,
2014-11-17 17,부산 기장군,기장읍,221231,0.004,0.4,0.034,0.021,47,
2014-11-17 18,부산 기장군,기장읍,221231,0.004,0.4,0.025,0.027,44,
2014-11-17 19,부산 기장군,기장읍,221231,0.006,0.6,0.012,0.033,41,
2014-11-17 20,부산 기장군,기장읍,221231,0.006,0.6,0.013,0.03,45,
2014-11-17 21,부산 기장군,기장읍,221231,0.006,0.4,0.024,0.025,40,
2014-11-17 22,부산 기장군,기장읍,221231,0.003,0.4,0.027,0.023,35,
2014-11-17 23,부산 기장군,기장읍,221231,0.003,0.4,0.034,0.019,34,
2014-11-17 24,부산 기장군,기장읍,221231,0.004,0.4,0.029,0.022,24,
2014-11-18 01,부산 기장군,기장읍,221231,0.004,0.4,0.033,0.019,25,
2014-11-18 02,부산 기장군,기장읍,221231,0.004,0.4,0.03,0.019,30,
2014-11-18 03,부산 기장군,기장읍,221231,0.004,0.4,0.031,0.019,24,
2014-11-18 04,부산 기장군,기장읍,221231,0.006,0.4,0.034,0.018,25,
2014-11-18 05,부산 기장군,기장읍,221231,0.005,0.4,0.032,0.019,28,
2014-11-18 06,부산 기장군,기장읍,221231,0.006,0.4,0.026,0.022,27,
2014-11-18 07,부산 기장군,기장읍,221231,0.006,0.4,0.023,0.022,28,
2014-11-18 08,부산 기장군,기장읍,221231,0.006,0.4,0.028,0.022,30,
2014-11-18 09,부산 기장군,기장읍,221231,0.005,0.4,0.03,0.021,36,
2014-11-18 10,부산 기장군,기장읍,221231,0.005,0.4,0.032,0.02,33,
2014-11-18 11,부산 기장군,기장읍,221231,0.005,0.4,0.033,0.02,26,
2014-11-18 12,부산 기장군,기장읍,221231,0.004,0.5,0.033,0.021,30,
2014-11-18 13,부산 기장군,기장읍,221231,0.004,0.4,0.036,0.019,19,
2014-11-18 14,부산 기장군,기장읍,221231,0.003,0.5,0.032,0.024,23,
2014-11-18 15,부산 기장군,기장읍,221231,0.003,0.4,0.031,0.022,36,
2014-11-18 16,부산 기장군,기장읍,221231,0.003,0.4,0.035,0.021,27,
2014-11-18 17,부산 기장군,기장읍,221231,0.003,0.4,0.028,0.027,25,
2014-11-18 18,부산 기장군,기장읍,221231,0.002,0.5,0.008,0.039,37,
2014-11-18 19,부산 기장군,기장읍,221231,0.002,0.7,0.004,0.042,55,
2014-11-18 20,부산 기장군,기장읍,221231,0.002,0.7,0.004,0.042,69,
2014-11-18 21,부산 기장군,기장읍,221231,0.004,0.5,0.022,0.029,51,
2014-11-18 22,부산 기장군,기장읍,221231,0.003,0.5,0.016,0.032,33,
2014-11-18 23,부산 기장군,기장읍,221231,0.003,0.4,0.019,0.03,30,
2014-11-18 24,부산 기장군,기장읍,221231,0.003,0.4,0.026,0.023,23,
2014-11-19 01,부산 기장군,기장읍,221231,0.003,0.4,0.033,0.021,28,
2014-11-19 02,부산 기장군,기장읍,221231,0.003,0.4,0.033,0.019,24,
2014-11-19 03,부산 기장군,기장읍,221231,0.003,0.4,0.034,0.018,21,
2014-11-19 04,부산 기장군,기장읍,221231,0.003,0.4,0.033,0.018,15,
2014-11-19 05,부산 기장군,기장읍,221231,0.003,0.4,0.034,0.018,15,
2014-11-19 06,부산 기장군,기장읍,221231,0.003,0.4,0.034,0.019,17,
2014-11-19 07,부산 기장군,기장읍,221231,0.003,0.4,0.026,0.024,18,
2014-11-19 08,부산 기장군,기장읍,221231,0.003,0.4,0.025,0.024,18,
2014-11-19 09,부산 기장군,기장읍,221231,0.003,0.4,0.032,0.021,20,
2014-11-19 10,부산 기장군,기장읍,221231,0.003,0.4,0.031,0.023,31,
2014-11-19 11,부산 기장군,기장읍,221231,0.003,0.4,0.032,0.024,26,
2014-11-19 12,부산 기장군,기장읍,221231,0.003,0.4,0.036,0.022,23,
2014-11-19 13,부산 기장군,기장읍,221231,0.003,0.4,0.038,0.021,28,
2014-11-19 14,부산 기장군,기장읍,221231,0.003,0.4,0.036,0.024,36,
2014-11-19 15,부산 기장군,기장읍,221231,0.004,0.4,0.034,0.026,38,
2014-11-19 16,부산 기장군,기장읍,221231,0.004,0.4,0.034,0.027,27,
2014-11-19 17,부산 기장군,기장읍,221231,0.004,0.4,0.033,0.028,32,
2014-11-19 18,부산 기장군,기장읍,221231,0.005,0.4,0.023,0.035,34,
2014-11-19 19,부산 기장군,기장읍,221231,0.005,0.6,0.008,0.043,39,
2014-11-19 20,부산 기장군,기장읍,221231,0.005,0.7,0.004,0.045,50,
2014-11-19 21,부산 기장군,기장읍,221231,0.005,0.7,0.005,0.043,44,
2014-11-19 22,부산 기장군,기장읍,221231,0.004,0.5,0.008,0.041,39,
2014-11-19 23,부산 기장군,기장읍,221231,0.004,0.5,0.01,0.04,35,
2014-11-19 24,부산 기장군,기장읍,221231,0.004,0.4,0.01,0.04,41,
2014-11-20 01,부산 기장군,기장읍,221231,0.003,0.4,0.017,0.033,38,
2014-11-20 02,부산 기장군,기장읍,221231,0.003,0.4,0.03,0.023,43,
2014-11-20 03,부산 기장군,기장읍,221231,0.003,0.4,0.035,0.02,37,
2014-11-20 04,부산 기장군,기장읍,221231,0.003,0.4,0.037,0.019,28,
2014-11-20 05,부산 기장군,기장읍,221231,0.003,0.4,0.033,0.021,28,
2014-11-20 06,부산 기장군,기장읍,221231,0.003,0.4,0.025,0.024,34,
2014-11-20 07,부산 기장군,기장읍,221231,0.003,0.4,0.026,0.025,38,
2014-11-20 08,부산 기장군,기장읍,221231,0.003,0.4,0.015,0.033,32,
2014-11-20 09,부산 기장군,기장읍,221231,,,,,,
2014-11-20 10,부산 기장군,기장읍,221231,0.003,0.5,0.013,0.037,48,
2014-11-20 11,부산 기장군,기장읍,221231,0.003,0.4,0.029,0.027,43,
2014-11-20 12,부산 기장군,기장읍,221231,0.003,0.4,0.032,0.027,33,
2014-11-20 13,부산 기장군,기장읍,221231,0.003,0.4,0.03,0.029,36,
2014-11-20 14,부산 기장군,기장읍,221231,0.003,0.4,0.031,0.028,46,
2014-11-20 15,부산 기장군,기장읍,221231,0.003,0.4,0.038,0.024,48,
2014-11-20 16,부산 기장군,기장읍,221231,0.003,0.4,0.041,0.025,37,
2014-11-20 17,부산 기장군,기장읍,221231,0.003,0.4,0.034,0.03,32,
2014-11-20 18,부산 기장군,기장읍,221231,0.003,0.6,0.01,0.043,40,
2014-11-20 19,부산 기장군,기장읍,221231,0.004,0.7,0.005,0.049,63,
2014-11-20 20,부산 기장군,기장읍,221231,0.004,0.7,0.005,0.05,72,
2014-11-20 21,부산 기장군,기장읍,221231,0.004,0.7,0.008,0.047,62,
2014-11-20 22,부산 기장군,기장읍,221231,0.004,0.6,0.01,0.044,47,
2014-11-20 23,부산 기장군,기장읍,221231,0.004,0.6,0.011,0.04,32,
2014-11-20 24,부산 기장군,기장읍,221231,0.004,0.6,0.016,0.035,34,
2014-11-21 01,부산 기장군,기장읍,221231,0.004,0.5,0.019,0.032,44,
2014-11-21 02,부산 기장군,기장읍,221231,0.004,0.5,0.019,0.031,48,
2014-11-21 03,부산 기장군,기장읍,221231,0.004,0.6,0.019,0.03,40,
2014-11-21 04,부산 기장군,기장읍,221231,0.004,0.7,0.021,0.029,44,
2014-11-21 05,부산 기장군,기장읍,221231,0.004,0.7,0.02,0.031,44,
2014-11-21 06,부산 기장군,기장읍,221231,0.004,0.7,0.018,0.033,40,
2014-11-21 07,부산 기장군,기장읍,221231,0.004,0.8,0.011,0.039,42,
2014-11-21 08,부산 기장군,기장읍,221231,0.004,0.7,0.015,0.037,42,
2014-11-21 09,부산 기장군,기장읍,221231,0.004,0.8,0.008,0.043,43,
2014-11-21 10,부산 기장군,기장읍,221231,0.004,0.7,0.014,0.039,53,
2014-11-21 11,부산 기장군,기장읍,221231,0.004,0.6,0.034,0.028,46,
2014-11-21 12,부산 기장군,기장읍,221231,0.004,0.4,0.038,0.025,24,
2014-11-21 13,부산 기장군,기장읍,221231,0.003,0.4,0.043,0.022,23,
2014-11-21 14,부산 기장군,기장읍,221231,0.003,0.4,0.043,0.022,25,
2014-11-21 15,부산 기장군,기장읍,221231,0.003,0.4,0.039,0.027,21,
2014-11-21 16,부산 기장군,기장읍,221231,0.004,0.5,0.03,0.035,38,
2014-11-21 17,부산 기장군,기장읍,221231,0.004,0.4,0.034,0.032,58,
2014-11-21 18,부산 기장군,기장읍,221231,0.004,0.5,0.03,0.034,40,
2014-11-21 19,부산 기장군,기장읍,221231,0.004,0.7,0.02,0.04,33,
2014-11-21 20,부산 기장군,기장읍,221231,0.004,0.7,0.013,0.045,45,
2014-11-21 21,부산 기장군,기장읍,221231,0.004,0.6,0.014,0.042,40,
2014-11-21 22,부산 기장군,기장읍,221231,0.004,0.7,0.013,0.042,35,
2014-11-21 23,부산 기장군,기장읍,221231,0.004,0.7,0.012,0.044,33,
2014-11-21 24,부산 기장군,기장읍,221231,0.003,0.5,0.012,0.042,36,
2014-11-22 01,부산 기장군,기장읍,221231,0.003,0.6,0.015,0.038,33,
2014-11-22 02,부산 기장군,기장읍,221231,0.003,0.6,0.027,0.03,30,
2014-11-22 03,부산 기장군,기장읍,221231,0.003,0.5,0.028,0.028,23,
2014-11-22 04,부산 기장군,기장읍,221231,0.003,0.4,0.029,0.025,23,
2014-11-22 05,부산 기장군,기장읍,221231,0.003,0.4,0.022,0.026,19,
2014-11-22 06,부산 기장군,기장읍,221231,0.003,0.5,0.018,0.03,22,
2014-11-22 07,부산 기장군,기장읍,221231,0.003,0.5,0.013,0.032,19,
2014-11-22 08,부산 기장군,기장읍,221231,0.004,0.6,0.008,0.035,29,
2014-11-22 09,부산 기장군,기장읍,221231,0.005,0.7,0.006,0.039,44,
2014-11-22 10,부산 기장군,기장읍,221231,0.005,0.7,0.008,0.042,62,
2014-11-22 11,부산 기장군,기장읍,221231,0.005,0.5,0.021,0.036,61,
2014-11-22 12,부산 기장군,기장읍,221231,0.005,0.4,0.032,0.029,46,
2014-11-22 13,부산 기장군,기장읍,221231,0.005,0.4,0.036,0.029,37,
2014-11-22 14,부산 기장군,기장읍,221231,0.006,0.4,0.037,0.03,45,
2014-11-22 15,부산 기장군,기장읍,221231,0.005,0.4,0.037,0.03,35,
2014-11-22 16,부산 기장군,기장읍,221231,0.005,0.4,0.038,0.031,32,
2014-11-22 17,부산 기장군,기장읍,221231,0.004,0.4,0.024,0.038,37,
2014-11-22 18,부산 기장군,기장읍,221231,0.004,0.7,0.009,0.047,57,
2014-11-22 19,부산 기장군,기장읍,221231,0.004,0.8,0.004,0.049,72,
2014-11-22 20,부산 기장군,기장읍,221231,0.004,0.8,0.005,0.049,77,
2014-11-22 21,부산 기장군,기장읍,221231,0.004,0.7,0.006,0.045,66,
2014-11-22 22,부산 기장군,기장읍,221231,0.003,0.7,0.009,0.04,55,
2014-11-22 23,부산 기장군,기장읍,221231,0.003,0.5,0.017,0.034,48,
2014-11-22 24,부산 기장군,기장읍,221231,0.003,0.4,0.023,0.029,37,
2014-11-23 01,부산 기장군,기장읍,221231,0.003,0.4,0.03,0.025,34,
2014-11-23 02,부산 기장군,기장읍,221231,0.003,0.4,0.027,0.024,42,
2014-11-23 03,부산 기장군,기장읍,221231,0.003,0.4,0.024,0.026,43,
2014-11-23 04,부산 기장군,기장읍,221231,0.004,0.4,0.021,0.026,38,
2014-11-23 05,부산 기장군,기장읍,221231,0.004,0.4,0.023,0.025,41,
2014-11-23 06,부산 기장군,기장읍,221231,0.003,0.4,0.028,0.023,38,
2014-11-23 07,부산 기장군,기장읍,221231,0.003,0.4,0.028,0.025,28,
2014-11-23 08,부산 기장군,기장읍,221231,0.003,0.4,0.029,0.025,31,
2014-11-23 09,부산 기장군,기장읍,221231,0.003,0.4,0.033,0.023,25,
2014-11-23 10,부산 기장군,기장읍,221231,0.003,0.4,0.038,0.02,32,
2014-11-23 11,부산 기장군,기장읍,221231,0.004,0.4,0.04,0.02,38,
2014-11-23 12,부산 기장군,기장읍,221231,0.004,0.4,0.042,0.02,48,
2014-11-23 13,부산 기장군,기장읍,221231,0.004,0.4,0.046,0.019,48,
2014-11-23 14,부산 기장군,기장읍,221231,0.004,0.4,0.046,0.02,45,
2014-11-23 15,부산 기장군,기장읍,221231,0.004,0.4,0.043,0.021,46,
2014-11-23 16,부산 기장군,기장읍,221231,0.004,0.4,0.043,0.021,50,
2014-11-23 17,부산 기장군,기장읍,221231,0.004,0.4,0.04,0.023,48,
2014-11-23 18,부산 기장군,기장읍,221231,0.004,0.4,0.033,0.027,52,
2014-11-23 19,부산 기장군,기장읍,221231,0.004,0.5,0.028,0.03,60,
2014-11-23 20,부산 기장군,기장읍,221231,0.004,0.7,0.021,0.034,66,
2014-11-23 21,부산 기장군,기장읍,221231,0.004,0.7,0.012,0.035,63,
2014-11-23 22,부산 기장군,기장읍,221231,0.004,0.5,0.018,0.031,59,
2014-11-23 23,부산 기장군,기장읍,221231,0.003,0.5,0.017,0.031,44,
2014-11-23 24,부산 기장군,기장읍,221231,0.003,0.4,0.024,0.026,41,
2014-11-24 01,부산 기장군,기장읍,221231,0.003,0.5,0.029,0.023,46,
2014-11-24 02,부산 기장군,기장읍,221231,0.003,0.4,0.031,0.021,40,
2014-11-24 03,부산 기장군,기장읍,221231,0.003,0.4,0.031,0.021,28,
2014-11-24 04,부산 기장군,기장읍,221231,0.003,0.4,0.029,0.022,30,
2014-11-24 05,부산 기장군,기장읍,221231,0.003,0.4,0.027,0.023,26,
2014-11-24 06,부산 기장군,기장읍,221231,0.003,0.4,0.021,0.027,35,
2014-11-24 07,부산 기장군,기장읍,221231,0.003,0.6,0.012,0.033,35,
2014-11-24 08,부산 기장군,기장읍,221231,0.004,0.8,0.006,0.04,53,
2014-11-24 09,부산 기장군,기장읍,221231,0.004,0.8,0.004,0.041,94,
2014-11-24 10,부산 기장군,기장읍,221231,0.004,0.8,0.004,0.042,89,
2014-11-24 11,부산 기장군,기장읍,221231,0.005,0.6,0.006,0.04,77,
2014-11-24 12,부산 기장군,기장읍,221231,,,,,,
2014-11-24 13,부산 기장군,기장읍,221231,,,,,,
2014-11-24 14,부산 기장군,기장읍,221231,,,,,,
2014-11-24 15,부산 기장군,기장읍,221231,,,,,,
2014-11-24 16,부산 기장군,기장읍,221231,,,,,,
2014-11-24 17,부산 기장군,기장읍,221231,,,,,,
2014-11-24 18,부산 기장군,기장읍,221231,0.004,0.5,0.014,0.024,38,
2014-11-24 19,부산 기장군,기장읍,221231,0.003,0.3,0.019,0.022,15,
2014-11-24 20,부산 기장군,기장읍,221231,0.003,0.3,0.019,0.021,7,
2014-11-24 21,부산 기장군,기장읍,221231,0.003,0.4,0.022,0.019,7,
2014-11-24 22,부산 기장군,기장읍,221231,0.003,0.4,0.026,0.019,6,
2014-11-24 23,부산 기장군,기장읍,221231,0.003,0.2,0.028,0.018,7,
2014-11-24 24,부산 기장군,기장읍,221231,0.003,0.3,0.028,0.019,6,
2014-11-25 01,부산 기장군,기장읍,221231,0.003,0.3,0.032,0.018,6,
2014-11-25 02,부산 기장군,기장읍,221231,0.003,0.3,0.034,0.018,6,
2014-11-25 03,부산 기장군,기장읍,221231,0.003,0.2,0.032,0.018,8,
2014-11-25 04,부산 기장군,기장읍,221231,0.003,0.2,0.034,0.018,11,
2014-11-25 05,부산 기장군,기장읍,221231,0.003,0.2,0.036,0.018,11,
2014-11-25 06,부산 기장군,기장읍,221231,0.003,0.2,0.037,0.018,9,
2014-11-25 07,부산 기장군,기장읍,221231,0.003,0.3,0.036,0.018,10,
2014-11-25 08,부산 기장군,기장읍,221231,0.003,0.3,0.033,0.019,12,
2014-11-25 09,부산 기장군,기장읍,221231,0.004,0.4,0.027,0.022,12,
2014-11-25 10,부산 기장군,기장읍,221231,0.004,0.4,0.025,0.022,15,
2014-11-25 11,부산 기장군,기장읍,221231,0.004,0.5,0.026,0.022,20,
2014-11-25 12,부산 기장군,기장읍,221231,0.004,0.3,0.028,0.021,24,
2014-11-25 13,부산 기장군,기장읍,221231,0.004,0.5,0.029,0.02,32,
2014-11-25 14,부산 기장군,기장읍,221231,0.004,0.5,0.032,0.019,49,
2014-11-25 15,부산 기장군,기장읍,221231,0.003,0.6,0.034,0.019,42,
2014-11-25 16,부산 기장군,기장읍,221231,0.003,0.6,0.034,0.018,36,
2014-11-25 17,부산 기장군,기장읍,221231,0.003,0.4,0.033,0.019,38,
2014-11-25 18,부산 기장군,기장읍,221231,0.004,0.4,0.031,0.02,32,
2014-11-25 19,부산 기장군,기장읍,221231,0.004,0.4,0.026,0.022,29,
2014-11-25 20,부산 기장군,기장읍,221231,0.003,0.4,0.027,0.02,32,
2014-11-25 21,부산 기장군,기장읍,221231,0.003,0.6,0.027,0.02,28,
2014-11-25 22,부산 기장군,기장읍,221231,0.003,0.6,0.031,0.018,27,
2014-11-25 23,부산 기장군,기장읍,221231,0.003,0.3,0.032,0.018,27,
2014-11-25 24,부산 기장군,기장읍,221231,0.003,0.3,0.034,0.018,22,
2014-11-26 01,부산 기장군,기장읍,221231,0.003,0.2,0.035,0.017,21,
2014-11-26 02,부산 기장군,기장읍,221231,0.003,0.2,0.035,0.017,23,
2014-11-26 03,부산 기장군,기장읍,221231,0.003,0.3,0.034,0.017,23,
2014-11-26 04,부산 기장군,기장읍,221231,0.004,0.3,0.032,0.018,23,
2014-11-26 05,부산 기장군,기장읍,221231,0.004,0.3,0.032,0.018,25,
2014-11-26 06,부산 기장군,기장읍,221231,0.004,0.4,0.031,0.019,24,
2014-11-26 07,부산 기장군,기장읍,221231,0.004,0.4,0.03,0.019,24,
2014-11-26 08,부산 기장군,기장읍,221231,0.004,0.4,0.028,0.02,27,
2014-11-26 09,부산 기장군,기장읍,221231,0.003,0.3,0.026,0.021,35,
2014-11-26 10,부산 기장군,기장읍,221231,0.003,0.3,0.024,0.021,32,
2014-11-26 11,부산 기장군,기장읍,221231,0.003,0.3,0.026,0.02,32,
2014-11-26 12,부산 기장군,기장읍,221231,0.003,0.3,0.025,0.021,34,
2014-11-26 13,부산 기장군,기장읍,221231,0.003,0.3,0.028,0.019,34,
2014-11-26 14,부산 기장군,기장읍,221231,0.004,0.2,0.028,0.02,29,
2014-11-26 15,부산 기장군,기장읍,221231,0.004,0.2,0.03,0.019,24,
2014-11-26 16,부산 기장군,기장읍,221231,0.004,0.2,0.031,0.02,22,
2014-11-26 17,부산 기장군,기장읍,221231,0.004,0.2,0.027,0.022,30,
2014-11-26 18,부산 기장군,기장읍,221231,0.004,0.3,0.018,0.028,35,
2014-11-26 19,부산 기장군,기장읍,221231,0.004,0.3,0.008,0.03,45,
2014-11-26 20,부산 기장군,기장읍,221231,0.004,0.4,0.009,0.029,47,
2014-11-26 21,부산 기장군,기장읍,221231,0.003,0.4,0.01,0.026,37,
2014-11-26 22,부산 기장군,기장읍,221231,0.003,0.4,0.013,0.025,31,
2014-11-26 23,부산 기장군,기장읍,221231,0.003,0.3,0.015,0.024,30,
2014-11-26 24,부산 기장군,기장읍,221231,0.003,0.3,0.017,0.021,28,
2014-11-27 01,부산 기장군,기장읍,221231,0.003,0.3,0.016,0.021,25,
2014-11-27 02,부산 기장군,기장읍,221231,0.003,0.3,0.017,0.02,25,
2014-11-27 03,부산 기장군,기장읍,221231,0.003,0.3,0.02,0.019,25,
2014-11-27 04,부산 기장군,기장읍,221231,0.003,0.4,0.019,0.019,24,
2014-11-27 05,부산 기장군,기장읍,221231,0.003,0.4,0.016,0.021,27,
2014-11-27 06,부산 기장군,기장읍,221231,0.003,0.4,0.013,0.023,28,
2014-11-27 07,부산 기장군,기장읍,221231,0.003,0.5,0.02,0.019,26,
2014-11-27 08,부산 기장군,기장읍,221231,0.003,0.5,0.013,0.025,26,
2014-11-27 09,부산 기장군,기장읍,221231,0.003,0.3,0.005,0.028,38,
2014-11-27 10,부산 기장군,기장읍,221231,0.004,0.2,0.006,0.028,54,
2014-11-27 11,부산 기장군,기장읍,221231,0.003,0.2,0.02,0.02,50,
2014-11-27 12,부산 기장군,기장읍,221231,0.003,0.2,0.027,0.02,31,
2014-11-27 13,부산 기장군,기장읍,221231,0.003,0.2,0.031,0.019,30,
2014-11-27 14,부산 기장군,기장읍,221231,0.003,0.3,0.033,0.02,24,
2014-11-27 15,부산 기장군,기장읍,221231,0.003,0.3,0.033,0.02,26,
2014-11-27 16,부산 기장군,기장읍,221231,0.003,0.3,0.034,0.02,32,
2014-11-27 17,부산 기장군,기장읍,221231,0.003,0.3,0.032,0.022,33,
2014-11-27 18,부산 기장군,기장읍,221231,0.003,0.3,0.011,0.032,37,
2014-11-27 19,부산 기장군,기장읍,221231,0.004,0.4,0.004,0.033,50,
2014-11-27 20,부산 기장군,기장읍,221231,0.004,0.4,0.003,0.033,58,
2014-11-27 21,부산 기장군,기장읍,221231,0.003,0.4,0.003,0.032,50,
2014-11-27 22,부산 기장군,기장읍,221231,0.003,0.4,0.003,0.031,43,
2014-11-27 23,부산 기장군,기장읍,221231,0.003,0.3,0.005,0.029,34,
2014-11-27 24,부산 기장군,기장읍,221231,0.003,0.3,0.009,0.027,25,
2014-11-28 01,부산 기장군,기장읍,221231,0.003,0.3,0.012,0.024,21,
2014-11-28 02,부산 기장군,기장읍,221231,0.003,0.3,0.018,0.021,22,
2014-11-28 03,부산 기장군,기장읍,221231,0.003,0.3,0.02,0.02,16,
2014-11-28 04,부산 기장군,기장읍,221231,0.003,0.3,0.021,0.019,15,
2014-11-28 05,부산 기장군,기장읍,221231,0.003,0.3,0.018,0.021,15,
2014-11-28 06,부산 기장군,기장읍,221231,0.003,0.3,0.013,0.024,11,
2014-11-28 07,부산 기장군,기장읍,221231,0.003,0.5,0.008,0.026,17,
2014-11-28 08,부산 기장군,기장읍,221231,0.004,0.5,0.005,0.03,38,
2014-11-28 09,부산 기장군,기장읍,221231,0.004,0.7,0.004,0.029,66,
2014-11-28 10,부산 기장군,기장읍,221231,0.004,0.4,0.003,0.03,58,
2014-11-28 11,부산 기장군,기장읍,221231,0.004,0.4,0.003,0.031,50,
2014-11-28 12,부산 기장군,기장읍,221231,0.004,0.4,0.005,0.029,47,
2014-11-28 13,부산 기장군,기장읍,221231,0.005,0.3,0.006,0.03,46,
2014-11-28 14,부산 기장군,기장읍,221231,0.005,0.3,0.005,0.03,46,
2014-11-28 15,부산 기장군,기장읍,221231,0.004,0.2,0.004,0.029,45,
2014-11-28 16,부산 기장군,기장읍,221231,0.004,0.2,0.003,0.027,48,
2014-11-28 17,부산 기장군,기장읍,221231,0.004,0.4,0.003,0.028,52,
2014-11-28 18,부산 기장군,기장읍,221231,0.004,0.4,0.005,0.026,47,
2014-11-28 19,부산 기장군,기장읍,221231,0.004,0.4,0.008,0.026,37,
2014-11-28 20,부산 기장군,기장읍,221231,0.004,0.5,0.008,0.027,38,
2014-11-28 21,부산 기장군,기장읍,221231,0.004,0.5,0.013,0.024,38,
2014-11-28 22,부산 기장군,기장읍,221231,0.004,0.5,0.013,0.024,34,
2014-11-28 23,부산 기장군,기장읍,221231,0.004,0.4,0.011,0.025,39,
2014-11-28 24,부산 기장군,기장읍,221231,0.004,0.3,0.015,0.023,46,
2014-11-29 01,부산 기장군,기장읍,221231,0.004,0.3,0.021,0.02,34,
2014-11-29 02,부산 기장군,기장읍,221231,0.003,0.3,0.022,0.019,18,
2014-11-29 03,부산 기장군,기장읍,221231,0.003,0.3,0.023,0.018,15,
2014-11-29 04,부산 기장군,기장읍,221231,0.003,0.3,0.024,0.018,18,
2014-11-29 05,부산 기장군,기장읍,221231,0.003,0.2,0.024,0.018,18,
2014-11-29 06,부산 기장군,기장읍,221231,0.003,0.2,0.021,0.019,11,
2014-11-29 07,부산 기장군,기장읍,221231,0.003,0.2,0.013,0.023,14,
2014-11-29 08,부산 기장군,기장읍,221231,0.003,0.4,0.006,0.026,23,
2014-11-29 09,부산 기장군,기장읍,221231,0.003,0.4,0.004,0.026,34,
2014-11-29 10,부산 기장군,기장읍,221231,0.003,0.4,0.009,0.023,24,
2014-11-29 11,부산 기장군,기장읍,221231,0.003,0.3,0.021,0.019,17,
2014-11-29 12,부산 기장군,기장읍,221231,0.003,0.3,0.026,0.019,15,
2014-11-29 13,부산 기장군,기장읍,221231,0.003,0.2,0.031,0.018,8,
2014-11-29 14,부산 기장군,기장읍,221231,0.004,0.2,0.033,0.019,9,
2014-11-29 15,부산 기장군,기장읍,221231,0.004,0.2,0.036,0.019,15,
2014-11-29 16,부산 기장군,기장읍,221231,0.004,0.2,0.033,0.02,14,
2014-11-29 17,부산 기장군,기장읍,221231,0.003,0.3,0.031,0.02,12,
2014-11-29 18,부산 기장군,기장읍,221231,0.003,0.3,0.026,0.022,13,
2014-11-29 19,부산 기장군,기장읍,221231,0.003,0.3,0.019,0.024,17,
2014-11-29 20,부산 기장군,기장읍,221231,0.004,0.4,0.018,0.024,18,
2014-11-29 21,부산 기장군,기장읍,221231,0.004,0.4,0.022,0.022,16,
2014-11-29 22,부산 기장군,기장읍,221231,0.004,0.4,0.022,0.021,17,
2014-11-29 23,부산 기장군,기장읍,221231,0.004,0.3,0.019,0.022,18,
2014-11-29 24,부산 기장군,기장읍,221231,0.004,0.3,0.022,0.021,17,